{"marital-status": {">50K": {"Disparate impact": 0.12303943055167353, "Statistical parity difference": -0.3797580410258255, "Equal opportunity difference": -0.09342123013116532, "Average abs odds difference": 0.07613934526541015, "Theil index": 0.03510065167772606}}, "race": {">50K": {"Disparate impact": 0.6017892732668543, "Statistical parity difference": -0.09617243881592136, "Equal opportunity difference": 0.0019342572515005374, "Average abs odds difference": 0.00654508561499758, "Theil index": 0.03510065167772606}}, "gender": {">50K": {"Disparate impact": 0.3440350860760917, "Statistical parity difference": -0.1907622314764934, "Equal opportunity difference": -0.03231415641043445, "Average abs odds difference": 0.027841175126536062, "Theil index": 0.03510065167772606}}}