{"age category": {">22.533": {"Disparate impact": 0.611134148869998, "Statistical parity difference": -0.2246780473195567}, "<=22.533": {"Disparate impact": 1.5321322173357923, "Statistical parity difference": 0.2246780473195567}}}