{"age category": {">50K": {"Disparate impact": 0.2573115860816269, "Statistical parity difference": -0.22247907302275508}}, "marital-status": {">50K": {"Disparate impact": 0.14329901475640622, "Statistical parity difference": -0.3821063727009926}}, "race": {">50K": {"Disparate impact": 0.6005915505110953, "Statistical parity difference": -0.10144450514172723}}, "gender": {">50K": {"Disparate impact": 0.3596552625800337, "Statistical parity difference": -0.19451574596420296}}}