{"accuracy": 0.8647474872813005, "f1": 0.8612423297800639, "precision": 0.8600280938340349, "recall": 0.8647474872813005, "roc_auc": {"0": 0.9102942712840321}}