{"MAE": 3.2708628109003177, "MSE": 21.894831181729206, "RMSE": 21.894831181729206, "R2": 0.7406426641094094}